78693,unknown,451,0.0,2025-04-11 22:30:45,1.0,1,PUBLIC,312gb,231452226,0.0,6886.0,3564758697
26273,unknown,451,0.0,2025-04-11 22:30:48,1.0,1,PUBLIC,312gb,231452226,0.0,6886.0,3564758697
68708,unknown,451,0.0,2025-04-11 22:30:51,1.0,1,PUBLIC,312gb,231452226,0.0,6886.0,3564758697
46120,unknown,451,0.0,2025-04-11 22:30:53,1.0,1,PUBLIC,312gb,231452226,0.0,6886.0,3564758697
98920,unknown,451,0.0,2025-04-11 22:30:55,1.0,1,PUBLIC,312gb,231452226,0.0,6886.0,3564758697
87967,unknown,451,0.0,2025-04-11 22:30:57,1.0,1,PUBLIC,312gb,231452226,0.0,6886.0,3564758697
54457,unknown,451,0.0,2025-04-11 22:30:59,1.0,1,PUBLIC,312gb,231452226,0.0,6886.0,3564758697
0,unknown,451,0.0,2025-04-11 22:31:02,1.0,1,PUBLIC,312gb,231452226,0.0,6886.0,3564758697
79025,unknown,451,0.0,2025-04-11 22:31:28,1.0,1,PUBLIC, ,231452226,0.0,0.0,3564758697
91348,unknown,451,0.0,2025-04-11 22:31:43,1.0,1,PUBLIC, фимоз,,0.0,0.0,0
22494,unknown,451,0.0,2025-04-11 22:32:27,1.0,1,PUBLIC, , ,0.0,0.0,0
0,unknown,451,0.0,2025-04-11 22:33:39,1.0,1,PUBLIC, , ,0.0,0.0,0
65701,unknown,451,0.0,2025-04-11 22:34:16,1.0,1,PUBLIC, , ,0.0,0.0,0
63823,unknown,451,0.0,2025-04-11 22:35:49,1.0,1,PUBLIC, , ,0.0,0.0,0
46754,unknown,0,0.0,2025-04-11 22:41:20,1.0,1,PUBLIC, , ,0.0,0.0,0
79902,unknown,451,0.0,2025-04-11 22:41:36,1.0,1,PUBLIC, , ,0.0,0.0,0
55347,unknown,451,0.0,2025-04-11 22:41:39,1.0,1,PUBLIC, , ,0.0,0.0,0
93012,unknown,451,0.0,2025-04-12 09:12:54,1.0,1,PUBLIC, , ,0.0,0.0,0